,test_loss,test_accuracy,execution_time (minutes)
LinearEssayScoringModel,9.030233157308478,75.88832487309645,1.2868135174115498
LinearLayersEssayScoringModel,1.1075867132136696,58.71404399323181,2.3148205558458965
CNNEssayScoringModel,2.737925755350213,83.92554991539762,11.870429635047913
LSTMEssayScoringModel,2.074725602802477,46.7005076142132,1.9990813493728639
AttentionLinearLayersEssayScoringModel,1.098015303674497,70.30456852791878,9.759789276123048
